7,165,132,1,1,1,1,1,1,1,1,1,1,1,1,1,1,1,2,1,1,2,1,1,1,1,1,1,1,1,1,1,1,2,1,1,1,1,1,2,1,1,1,1,2,1,1,1,1,1,1,1,1,1,1,1,1,1,1,1,1,1,2,1,3,1,1,1,2,1,1,1,1,1,1,1,1,1,2,1,1,1,1,1,1,1,1,1,1,1,1,1,2,2,1,1,1,4,1,1,1,1,1,1,1,1,1,1,1,1,1,1,1,1,1,1,1,1,1,2,1,2,12,1,1,1,2,1,1,1,1,3,3,1,1
,,,ie_clare_w_2006_early_rhod_shrub_eu1_nursery_eu1mg1_eubr,ie_kerry_w_2005_early_rhod_shrub_eu1_forest_eu1mg1_eubr,ie_clare_w_2007_early_viburnum_shrub_eu1_nursery_EU1MG131_ieni,ie_galway_w_2006_early_rhod_shrub_eu1_nursery_eu1mg1_eubr,ie_clare_w_2021_late_larix_contree_eu1_forest_eu1mg106_eu,ie_galway_w_2006_early_viburnum_shrub_eu1_nursery_eu1mg1_eubr,ie_cork_w_2008_early_rhod_shrub_eu1_forest_eu1mg1_eubr,ie_cork_w_2010_late_larix_contree_eu1_forest_eu1mg5_eubr,ie_galway_w_2006_early_rhod_shrub_eu1_forest_eu1mg1_eubr,ie_cork_w_2010_late_rhod_shrub_eu1_forest_eu1mg5_eubr,ie_laois_se_2007_early_viburnum_shrub_eu1_nursery_eu1mg1_eubr,ie_cork_w_2011_late_larix_contree_eu1_forest_eu1mg2_eu,ie_westmeath_ne_2007_early_rhod_shrub_eu1_nursery_eu1mg1_eubr,ie_cork_w_2012_late_rhod_shrub_eu1_forest_eu1mg13_eubr,ie_louth_ne_2007_early_viburnum_shrub_eu1_nursery_eu1mg1_eubr,ie_cork_w_2013_late_larix_contree_eu1_forest_eu1mg1_eubr,ie_kildare_ne_2008_early_rhod_shrub_eu1_nursery_eu1mg1_eubr,ie_cork_w_2013_late_rhod_shrub_eu1_forest_eu1mg87_eu,ie_kildare_ne_2009_early_rhod_shrub_eu1_nursery_eu1mg1_eubr,ie_cork_w_2013_late_rhod_shrub_eu1_nursery_eu1mg1_eubr,ie_cork_w_2014_late_gaultheria_shrub_eu1_forest_eu1mg1_eubr,ie_tipperary_w_2009_early_rhod_shrub_eu1_forest_eu1mg1_eubr,ie_cork_w_2014_late_larix_contree_eu1_forest_eu1mg1_eubr,ie_wicklow_se_2010_late_rhod_shrub_eu1_nursery_eu1mg1_eubr,ie_cork_w_2014_late_larix_contree_eu1_forest_EU1MG125_ieni,ie_waterford_se_2010_late_picea_contree_eu1_forest_eu1mg1_eubr,ie_cork_w_2014_late_rhod_shrub_eu1_forest_eu1mg1_eubr,ie_tipperary_w_2010_late_fagus_brotree_eu1_forest_eu1mg1_eubr,ie_cork_w_2014_late_rhod_shrub_eu1_nursery_EU1MG132_ieni,ie_kildare_ne_2010_late_rhod_shrub_eu1_nursery_eu1mg1_eubr,ie_cork_w_2015_late_rhod_shrub_eu1_nursery_eu1mg1_eubr,ie_tipperary_w_2010_late_larix_contree_eu1_forest_eu1mg1_eubr,ie_unknown_ne_2010_late_viburnum_shrub_eu1_nursery_eu1mg1_eubr,ie_cork_w_2015_late_viburnum_shrub_eu1_nursery_eu1mg32_brunique,ie_kerry_w_2011_late_rhod_shrub_eu1_forest_eu1mg1_eubr,ie_cork_w_2018_late_rhod_shrub_eu1_nursery_eu1mg32_brunique,ie_tipperary_w_2011_late_larix_contree_eu1_forest_eu1mg1_eubr,ie_cork_w_2018_late_viburnum_shrub_eu1_nursery_eu1mg1_eubr,ie_cork_w_2019_late_rhod_shrub_eu1_nursery_eu1mg1_eubr,ie_wicklow_se_2012_late_soil_envi_eu1_forest_eu1mg1_eubr,ie_cork_w_2020_late_rhod_shrub_eu1_forest_EU1MG124_ieni,ie_kildare_ne_2012_late_rhod_shrub_eu1_nursery_eu1mg1_eubr,ie_cork_w_2021_late_rhod_shrub_eu1_nursery_eu1mg1_eubr,ie_wicklow_se_2012_late_water_envi_eu1_forest_eu1mg1_eubr,ie_cork_w_2021_late_rhod_shrub_eu2_other_eu2mg1_ieni,ie_tipperary_w_2012_late_fagus_brotree_eu1_forest_eu1mg1_eubr,ie_cork_w_2021_late_rhod_shrub_eu2_other_eu2mg4_ieni,ie_wicklow_se_2012_late_larix_contree_eu1_forest_eu1mg1_eubr,ie_cork_w_2022_late_larix_contree_eu2_forest_eu2mg1_ieni,ni_armagh_ni_2012_late_abies_contree_eu1_forest_eu1mg1_eubr,ie_dublin_ne_2012_late_pieris_shrub_eu1_nursery_EU1MG129_ieni,ie_westmeath_ne_2012_late_viburnum_shrub_eu1_nursery_eu1mg1_eubr,ie_kerry_w_2013_late_rhod_shrub_eu1_forest_eu1mg1_eubr,ie_galway_w_2014_late_rhod_shrub_eu1_nursery_eu1mg26_eubr,ie_kerry_w_2013_late_larix_contree_eu1_forest_eu1mg1_eubr,ie_galway_w_2015_late_camellia_shrub_eu1_nursery_eu1mg19_eubr,ie_galway_w_2018_late_viburnum_shrub_eu1_nursery_eu1mg1_eubr,ie_galway_w_2019_late_rhod_shrub_eu1_forest_EU1MG127_ieni,ie_wicklow_se_2014_late_rhod_shrub_eu1_forest_eu1mg1_eubr,ie_kerry_w_2014_late_larix_contree_eu1_forest_eu1mg1_eubr,ie_waterford_w_2005_early_rhod_shrub_eu1_nursery_eu1mg32_brunique,ie_wicklow_se_2014_late_water_envi_eu1_forest_eu1mg1_eubr,ie_kerry_w_2006_early_rhod_shrub_eu1_forest_eu1mg26_eubr,ie_kerry_w_2009_early_rhod_shrub_eu1_forest_eu1mg26_eubr,ie_kerry_w_2012_late_rhod_shrub_eu1_forest_EU1MG128_ieni,ie_kerry_w_2014_late_rhod_shrub_eu1_forest_eu1mg1_eubr,ie_wexford_se_2014_late_larix_contree_eu1_forest_eu1mg1_eubr,ie_wicklow_se_2014_late_larix_contree_eu1_forest_eu1mg1_eubr,ie_kerry_w_2014_late_rhod_shrub_eu1_forest_eu1mg18_eubr,ie_waterford_se_2014_late_viburnum_shrub_eu1_nursery_eu1mg1_eubr,ie_kerry_w_2015_late_camellia_shrub_eu1_nursery_eu1mg1_eubr,ie_wexford_se_2014_late_rhod_shrub_eu1_nursery_eu1mg1_eubr,ie_kerry_w_2015_late_rhod_shrub_eu1_nursery_eu1mg18_eubr,ie_wicklow_se_2014_late_viburnum_shrub_eu1_nursery_eu1mg1_eubr,ie_kerry_w_2015_late_rhod_shrub_eu1_nursery_eu1mg5_eubr,ie_wicklow_se_2015_late_water_envi_eu1_forest_eu1mg1_eubr,ie_kerry_w_2020_late_rhod_shrub_eu1_other_eu1mg5_eubr,ie_wicklow_se_2015_late_fagus_brotree_eu1_forest_eu1mg1_eubr,ie_waterford_se_2015_late_water_envi_eu1_forest_eu1mg1_eubr,ie_tipperary_w_2015_late_water_envi_eu1_forest_eu1mg1_eubr,ie_tipperary_w_2015_late_viburnum_shrub_eu1_nursery_eu1mg1_eubr,ie_tipperary_w_2015_late_rhod_shrub_eu1_nursery_eu1mg1_eubr,ie_kilkenny_se_2010_late_camellia_shrub_eu1_nursery_eu1mg19_eubr,ie_kilkenny_se_2010_late_fagus_brotree_eu1_forest_eu1mg32_brunique,ie_kilkenny_se_2010_late_viburnum_shrub_eu1_nursery_eu1mg19_eubr,ie_wexford_se_2015_late_rhod_shrub_eu1_other_eu1mg1_eubr,ie_kilkenny_se_2013_late_larix_contree_eu1_forest_eu1mg6_eubr,ie_wicklow_se_2016_late_rhod_shrub_eu1_forest_eu1mg1_eubr,ie_limerick_w_2015_late_rhod_shrub_eu1_nursery_eu1mg5_eubr,ie_tipperary_w_2018_late_rhod_shrub_eu1_forest_eu1mg1_eubr,ie_louth_ne_2018_late_larix_contree_eu2_forest_eu2mg3_ieni,ie_westmeath_ne_2018_late_viburnum_shrub_eu1_nursery_eu1mg1_eubr,ie_louth_ne_2021_late_water_envi_eu2_forest_eu2mg3_ieni,ie_tipperary_w_2019_late_rhod_shrub_eu1_nursery_eu1mg1_eubr,ie_louth_ne_2021_late_unknown_envi_eu2_forest_eu2mg3_ieni,ie_mayo_w_2021_late_rhod_shrub_eu1_forest_eu1mg1_eubr,ie_wicklow_se_2021_late_larix_contree_eu1_forest_eu1mg1_eubr,ie_tipperary_unknown_2022_late_camellia_shrub_eu1_nursery_eu1mg1_eubr,ie_tipperary_w_2006_early_rhod_shrub_eu1_forest_EU1MG130_ieni,ni_unknown_ni_2022_late_rhod_shrub_eu1_other_eu1mg1_eubr,ni_unknown_ni_2022_late_viburnum_shrub_eu1_other_eu1mg1_eubr,ni_down_ni_2022_late_rhod_shrub_eu1_other_eu1mg1_eubr,ie_westmeath_ne_2011_late_rhod_shrub_eu1_nursery_eu1mg107_eubr,ie_tipperary_w_2014_late_larix_contree_eu1_forest_eu1mg18_eubr,ni_down_ni_2022_late_pieris_shrub_eu1_other_EU1MG126_ieni,ie_tipperary_w_2018_late_camellia_shrub_eu1_nursery_eu1mg7_eubr,ie_kerry_unknown_2007_early_rhod_shrub_eu1_forest_eu1mg13_eubr,ie_tipperary_w_2018_late_rhod_shrub_eu1_forest_EU1MG134_ieni,ie_tipperary_w_2018_late_rhod_shrub_eu1_forest_eu1mg18_eubr,ie_wicklow_se_2011_late_fagus_brotree_eu1_forest_EU1MG133_ieni,ie_waterford_se_2014_late_rhod_shrub_eu1_nursery_EU1MG135_ieni,ni_down_ni_2022_late_rhod_shrub_eu1_other_eu1mg14_eu,ie_waterford_se_2017_late_rhod_shrub_eu1_nursery_eu1mg32_brunique,ie_wicklow_se_2012_late_rhod_shrub_eu1_nursery_eu1mg22_eubr,ie_wicklow_se_2010_late_pieris_shrub_eu1_nursery_eu1mg88_eu,ni_antrim_ni_2012_late_larix_contree_eu1_forest_eu1mg43_brunique,ni_antrim_ni_2010_late_larix_contree_eu2_forest_eu2mg1_ieni,ni_down_ni_2011_late_larix_contree_eu2_forest_eu2mg1_ieni,ni_down_ni_2012_late_rhod_shrub_eu2_forest_eu2mg1_ieni,ni_antrim_ni_2012_late_larix_contree_eu2_forest_eu2mg1_ieni,ni_antrim_ni_2012_late_viburnum_shrub_eu2_forest_eu2mg1_ieni,ni_antrim_ni_2022_late_larix_contree_eu2_forest_eu2mg5_ieni,ni_antrim_ni_2022_late_larix_contree_eu2_forest_eu2mg6_ieni,ni_down_ni_2022_late_larix_contree_eu2_forest_eu2mg2_ieni,ni_londonderry_ni_2022_late_larix_contree_eu2_forest_eu2mg2_ieni,ni_down_ni_2022_late_larix_contree_eu2_forest_eu2mg3_ieni,ni_down_ni_2022_late_larix_contree_eu2_forest_eu2mg5_ieni,sc_unknown_unknown_2010_late_nothofagus_brotree_eu1_forest_eu1mg1_eubr,sc_unknown_unknown_2011_late_larix_contree_eu1_forest_eu1mg1_eubr,sc_unknown_unknown_2011_late_larix_contree_eu2_forest_eu2mg1_ienisc,sc_unknown_unknown_2011_late_rhod_shrub_eu1_forest_EU1MG136_,sc_unknown_unknown_2011_late_rhod_shrub_eu1_forest_eu1mg43_brunique
Id,country_county_dir_year_yrgroup_host_hosttype_lin_source_mlg_region,KI18,,KI64,,KI82a,,KI82b,,PrMS43,,ILVOPrMS145a,,ILVOPrMS145c,,,,,,,,,,,,,,,,,,,,,,,,,,,,,,,,,,,,,,,,,,,,,,,,,,,,,,,,,,,,,,,,,,,,,,,,,,,,,,,,,,,,,,,,,,,,,,,,,,,,,,,,,,,,,,,,,,,,,,,,
10X_4,sc_unknown_unknown_2010_late_nothofagus_brotree_eu1_forest_eu1mg1_eubr,221,265,355,402,132,143,115,243,149,149,172,203,188,250,,,,,,,,,,,,,,,,,,,,,,,,,,,,,,,,,,,,,,,,,,,,,,,,,,,,,,,,,,,,,,,,,,,,,,,,,,,,,,,,,,,,,,,,,,,,,,,,,,,,,,,,,,,,,,,,,,,,,,,
11X_10,sc_unknown_unknown_2011_late_larix_contree_eu1_forest_eu1mg1_eubr,221,265,355,402,132,143,115,243,149,149,172,203,188,250,,,,,,,,,,,,,,,,,,,,,,,,,,,,,,,,,,,,,,,,,,,,,,,,,,,,,,,,,,,,,,,,,,,,,,,,,,,,,,,,,,,,,,,,,,,,,,,,,,,,,,,,,,,,,,,,,,,,,,,
11X_11,sc_unknown_unknown_2011_late_larix_contree_eu1_forest_eu1mg1_eubr,221,265,355,402,132,143,115,243,149,149,172,203,188,250,,,,,,,,,,,,,,,,,,,,,,,,,,,,,,,,,,,,,,,,,,,,,,,,,,,,,,,,,,,,,,,,,,,,,,,,,,,,,,,,,,,,,,,,,,,,,,,,,,,,,,,,,,,,,,,,,,,,,,,
11X_12,sc_unknown_unknown_2011_late_rhod_shrub_eu1_forest_eu1mg43_brunique,221,265,355,402,132,143,115,237,137,137,172,203,188,250,,,,,,,,,,,,,,,,,,,,,,,,,,,,,,,,,,,,,,,,,,,,,,,,,,,,,,,,,,,,,,,,,,,,,,,,,,,,,,,,,,,,,,,,,,,,,,,,,,,,,,,,,,,,,,,,,,,,,,,
11X_13,sc_unknown_unknown_2011_late_rhod_shrub_eu1_forest_EU1MG136_,221,265,355,402,132,138,115,243,149,149,172,203,188,250,,,,,,,,,,,,,,,,,,,,,,,,,,,,,,,,,,,,,,,,,,,,,,,,,,,,,,,,,,,,,,,,,,,,,,,,,,,,,,,,,,,,,,,,,,,,,,,,,,,,,,,,,,,,,,,,,,,,,,,
11X_14,sc_unknown_unknown_2011_late_larix_contree_eu2_forest_eu2mg1_ienisc,221,227,351,351,109,111,105,115,0,0,178,203,188,209,,,,,,,,,,,,,,,,,,,,,,,,,,,,,,,,,,,,,,,,,,,,,,,,,,,,,,,,,,,,,,,,,,,,,,,,,,,,,,,,,,,,,,,,,,,,,,,,,,,,,,,,,,,,,,,,,,,,,,,
11X_15,sc_unknown_unknown_2011_late_larix_contree_eu2_forest_eu2mg1_ienisc,221,227,351,351,109,111,105,115,0,0,178,203,188,209,,,,,,,,,,,,,,,,,,,,,,,,,,,,,,,,,,,,,,,,,,,,,,,,,,,,,,,,,,,,,,,,,,,,,,,,,,,,,,,,,,,,,,,,,,,,,,,,,,,,,,,,,,,,,,,,,,,,,,,
11X_16,sc_unknown_unknown_2011_late_larix_contree_eu2_forest_eu2mg1_ienisc,221,227,351,351,109,111,105,115,0,0,178,203,188,209,,,,,,,,,,,,,,,,,,,,,,,,,,,,,,,,,,,,,,,,,,,,,,,,,,,,,,,,,,,,,,,,,,,,,,,,,,,,,,,,,,,,,,,,,,,,,,,,,,,,,,,,,,,,,,,,,,,,,,,
11X_17,sc_unknown_unknown_2011_late_larix_contree_eu1_forest_eu1mg1_eubr,221,265,355,402,132,143,115,243,149,149,172,203,188,250,,,,,,,,,,,,,,,,,,,,,,,,,,,,,,,,,,,,,,,,,,,,,,,,,,,,,,,,,,,,,,,,,,,,,,,,,,,,,,,,,,,,,,,,,,,,,,,,,,,,,,,,,,,,,,,,,,,,,,,
18_135,ie_cork_w_2018_late_viburnum_shrub_eu1_nursery_eu1mg1_eubr,221,265,355,402,132,143,115,243,149,149,172,203,188,250,,,,,,,,,,,,,,,,,,,,,,,,,,,,,,,,,,,,,,,,,,,,,,,,,,,,,,,,,,,,,,,,,,,,,,,,,,,,,,,,,,,,,,,,,,,,,,,,,,,,,,,,,,,,,,,,,,,,,,,
18_161,ie_galway_w_2018_late_viburnum_shrub_eu1_nursery_eu1mg1_eubr,221,265,355,402,132,143,115,243,149,149,172,203,188,250,,,,,,,,,,,,,,,,,,,,,,,,,,,,,,,,,,,,,,,,,,,,,,,,,,,,,,,,,,,,,,,,,,,,,,,,,,,,,,,,,,,,,,,,,,,,,,,,,,,,,,,,,,,,,,,,,,,,,,,
18_200,ie_tipperary_w_2018_late_camellia_shrub_eu1_nursery_eu1mg7_eubr,221,265,355,402,132,143,115,245,149,149,172,203,188,244,,,,,,,,,,,,,,,,,,,,,,,,,,,,,,,,,,,,,,,,,,,,,,,,,,,,,,,,,,,,,,,,,,,,,,,,,,,,,,,,,,,,,,,,,,,,,,,,,,,,,,,,,,,,,,,,,,,,,,,
18_237,ie_cork_w_2018_late_rhod_shrub_eu1_nursery_eu1mg32_brunique,221,265,355,402,132,143,115,237,149,149,172,203,188,250,,,,,,,,,,,,,,,,,,,,,,,,,,,,,,,,,,,,,,,,,,,,,,,,,,,,,,,,,,,,,,,,,,,,,,,,,,,,,,,,,,,,,,,,,,,,,,,,,,,,,,,,,,,,,,,,,,,,,,,
18_440,ie_louth_ne_2018_late_larix_contree_eu2_forest_eu2mg3_ieni,221,227,351,351,109,111,105,115,0,0,178,209,188,215,,,,,,,,,,,,,,,,,,,,,,,,,,,,,,,,,,,,,,,,,,,,,,,,,,,,,,,,,,,,,,,,,,,,,,,,,,,,,,,,,,,,,,,,,,,,,,,,,,,,,,,,,,,,,,,,,,,,,,,
18_441,ie_louth_ne_2018_late_larix_contree_eu2_forest_eu2mg3_ieni,221,227,351,351,109,111,105,115,0,0,178,209,188,215,,,,,,,,,,,,,,,,,,,,,,,,,,,,,,,,,,,,,,,,,,,,,,,,,,,,,,,,,,,,,,,,,,,,,,,,,,,,,,,,,,,,,,,,,,,,,,,,,,,,,,,,,,,,,,,,,,,,,,,
18_507,ie_tipperary_w_2018_late_rhod_shrub_eu1_forest_EU1MG134_ieni,221,265,355,402,132,143,115,185,149,149,172,203,188,250,,,,,,,,,,,,,,,,,,,,,,,,,,,,,,,,,,,,,,,,,,,,,,,,,,,,,,,,,,,,,,,,,,,,,,,,,,,,,,,,,,,,,,,,,,,,,,,,,,,,,,,,,,,,,,,,,,,,,,,
18_669,ie_tipperary_w_2018_late_rhod_shrub_eu1_forest_eu1mg1_eubr,221,265,355,402,132,143,115,243,149,149,172,203,188,250,,,,,,,,,,,,,,,,,,,,,,,,,,,,,,,,,,,,,,,,,,,,,,,,,,,,,,,,,,,,,,,,,,,,,,,,,,,,,,,,,,,,,,,,,,,,,,,,,,,,,,,,,,,,,,,,,,,,,,,
18_670,ie_tipperary_w_2018_late_rhod_shrub_eu1_forest_eu1mg1_eubr,221,265,355,402,132,143,115,243,149,149,172,203,188,250,,,,,,,,,,,,,,,,,,,,,,,,,,,,,,,,,,,,,,,,,,,,,,,,,,,,,,,,,,,,,,,,,,,,,,,,,,,,,,,,,,,,,,,,,,,,,,,,,,,,,,,,,,,,,,,,,,,,,,,
18_685,ie_tipperary_w_2018_late_rhod_shrub_eu1_forest_eu1mg18_eubr,221,265,355,402,132,143,115,243,149,149,172,203,188,256,,,,,,,,,,,,,,,,,,,,,,,,,,,,,,,,,,,,,,,,,,,,,,,,,,,,,,,,,,,,,,,,,,,,,,,,,,,,,,,,,,,,,,,,,,,,,,,,,,,,,,,,,,,,,,,,,,,,,,,
18_85,ie_westmeath_ne_2018_late_viburnum_shrub_eu1_nursery_eu1mg1_eubr,221,265,355,402,132,143,115,243,149,149,172,203,188,250,,,,,,,,,,,,,,,,,,,,,,,,,,,,,,,,,,,,,,,,,,,,,,,,,,,,,,,,,,,,,,,,,,,,,,,,,,,,,,,,,,,,,,,,,,,,,,,,,,,,,,,,,,,,,,,,,,,,,,,
19_116,ie_tipperary_w_2019_late_rhod_shrub_eu1_nursery_eu1mg1_eubr,221,265,355,402,132,143,115,243,149,149,172,203,188,250,,,,,,,,,,,,,,,,,,,,,,,,,,,,,,,,,,,,,,,,,,,,,,,,,,,,,,,,,,,,,,,,,,,,,,,,,,,,,,,,,,,,,,,,,,,,,,,,,,,,,,,,,,,,,,,,,,,,,,,
19_192,ie_cork_w_2019_late_rhod_shrub_eu1_nursery_eu1mg1_eubr,221,265,355,402,132,143,115,243,149,149,172,203,188,250,,,,,,,,,,,,,,,,,,,,,,,,,,,,,,,,,,,,,,,,,,,,,,,,,,,,,,,,,,,,,,,,,,,,,,,,,,,,,,,,,,,,,,,,,,,,,,,,,,,,,,,,,,,,,,,,,,,,,,,
19_805,ie_galway_w_2019_late_rhod_shrub_eu1_forest_EU1MG127_ieni,221,265,361,402,132,143,115,243,149,149,172,203,188,244,,,,,,,,,,,,,,,,,,,,,,,,,,,,,,,,,,,,,,,,,,,,,,,,,,,,,,,,,,,,,,,,,,,,,,,,,,,,,,,,,,,,,,,,,,,,,,,,,,,,,,,,,,,,,,,,,,,,,,,
20_530,ie_cork_w_2020_late_rhod_shrub_eu1_forest_EU1MG124_ieni,265,265,355,402,132,143,115,243,149,149,172,203,188,250,,,,,,,,,,,,,,,,,,,,,,,,,,,,,,,,,,,,,,,,,,,,,,,,,,,,,,,,,,,,,,,,,,,,,,,,,,,,,,,,,,,,,,,,,,,,,,,,,,,,,,,,,,,,,,,,,,,,,,,
20_532,ie_kerry_w_2020_late_rhod_shrub_eu1_other_eu1mg5_eubr,221,265,355,402,132,143,115,243,149,149,172,203,188,244,,,,,,,,,,,,,,,,,,,,,,,,,,,,,,,,,,,,,,,,,,,,,,,,,,,,,,,,,,,,,,,,,,,,,,,,,,,,,,,,,,,,,,,,,,,,,,,,,,,,,,,,,,,,,,,,,,,,,,,
21_243,ie_cork_w_2021_late_rhod_shrub_eu2_other_eu2mg1_ieni,221,227,351,351,109,111,105,115,0,0,178,203,188,209,,,,,,,,,,,,,,,,,,,,,,,,,,,,,,,,,,,,,,,,,,,,,,,,,,,,,,,,,,,,,,,,,,,,,,,,,,,,,,,,,,,,,,,,,,,,,,,,,,,,,,,,,,,,,,,,,,,,,,,
21_422,ie_cork_w_2021_late_rhod_shrub_eu1_nursery_eu1mg1_eubr,221,265,355,402,132,143,115,243,149,149,172,203,188,250,,,,,,,,,,,,,,,,,,,,,,,,,,,,,,,,,,,,,,,,,,,,,,,,,,,,,,,,,,,,,,,,,,,,,,,,,,,,,,,,,,,,,,,,,,,,,,,,,,,,,,,,,,,,,,,,,,,,,,,
21_534,ie_clare_w_2021_late_larix_contree_eu1_forest_eu1mg106_eu,221,265,355,402,132,143,115,179,149,149,172,203,188,256,,,,,,,,,,,,,,,,,,,,,,,,,,,,,,,,,,,,,,,,,,,,,,,,,,,,,,,,,,,,,,,,,,,,,,,,,,,,,,,,,,,,,,,,,,,,,,,,,,,,,,,,,,,,,,,,,,,,,,,
21_609,ie_louth_ne_2021_late_water_envi_eu2_forest_eu2mg3_ieni,221,227,351,351,109,111,105,115,0,0,178,209,188,215,,,,,,,,,,,,,,,,,,,,,,,,,,,,,,,,,,,,,,,,,,,,,,,,,,,,,,,,,,,,,,,,,,,,,,,,,,,,,,,,,,,,,,,,,,,,,,,,,,,,,,,,,,,,,,,,,,,,,,,
21_703,ie_louth_ne_2021_late_unknown_envi_eu2_forest_eu2mg3_ieni,221,227,351,351,109,111,105,115,0,0,178,209,188,215,,,,,,,,,,,,,,,,,,,,,,,,,,,,,,,,,,,,,,,,,,,,,,,,,,,,,,,,,,,,,,,,,,,,,,,,,,,,,,,,,,,,,,,,,,,,,,,,,,,,,,,,,,,,,,,,,,,,,,,
21_759,ie_mayo_w_2021_late_rhod_shrub_eu1_forest_eu1mg1_eubr,221,265,355,402,132,143,115,243,149,149,172,203,188,250,,,,,,,,,,,,,,,,,,,,,,,,,,,,,,,,,,,,,,,,,,,,,,,,,,,,,,,,,,,,,,,,,,,,,,,,,,,,,,,,,,,,,,,,,,,,,,,,,,,,,,,,,,,,,,,,,,,,,,,
21_768,ie_louth_ne_2021_late_unknown_envi_eu2_forest_eu2mg3_ieni,221,227,351,351,109,111,105,115,0,0,178,209,188,215,,,,,,,,,,,,,,,,,,,,,,,,,,,,,,,,,,,,,,,,,,,,,,,,,,,,,,,,,,,,,,,,,,,,,,,,,,,,,,,,,,,,,,,,,,,,,,,,,,,,,,,,,,,,,,,,,,,,,,,
21_778,ie_louth_ne_2021_late_unknown_envi_eu2_forest_eu2mg3_ieni,221,227,351,351,109,111,105,115,0,0,178,209,188,215,,,,,,,,,,,,,,,,,,,,,,,,,,,,,,,,,,,,,,,,,,,,,,,,,,,,,,,,,,,,,,,,,,,,,,,,,,,,,,,,,,,,,,,,,,,,,,,,,,,,,,,,,,,,,,,,,,,,,,,
21_824,ie_louth_ne_2021_late_unknown_envi_eu2_forest_eu2mg3_ieni,221,227,351,351,109,111,105,115,0,0,178,209,188,215,,,,,,,,,,,,,,,,,,,,,,,,,,,,,,,,,,,,,,,,,,,,,,,,,,,,,,,,,,,,,,,,,,,,,,,,,,,,,,,,,,,,,,,,,,,,,,,,,,,,,,,,,,,,,,,,,,,,,,,
21_86,ie_cork_w_2021_late_rhod_shrub_eu2_other_eu2mg4_ieni,221,227,351,351,115,133,109,143,0,0,178,203,188,209,,,,,,,,,,,,,,,,,,,,,,,,,,,,,,,,,,,,,,,,,,,,,,,,,,,,,,,,,,,,,,,,,,,,,,,,,,,,,,,,,,,,,,,,,,,,,,,,,,,,,,,,,,,,,,,,,,,,,,,
21_931,ie_wicklow_se_2021_late_larix_contree_eu1_forest_eu1mg1_eubr,221,265,355,402,132,143,115,243,149,149,172,203,188,250,,,,,,,,,,,,,,,,,,,,,,,,,,,,,,,,,,,,,,,,,,,,,,,,,,,,,,,,,,,,,,,,,,,,,,,,,,,,,,,,,,,,,,,,,,,,,,,,,,,,,,,,,,,,,,,,,,,,,,,
22_488,ie_tipperary_unknown_2022_late_camellia_shrub_eu1_nursery_eu1mg1_eubr,221,265,355,402,132,143,115,243,149,149,172,203,188,250,,,,,,,,,,,,,,,,,,,,,,,,,,,,,,,,,,,,,,,,,,,,,,,,,,,,,,,,,,,,,,,,,,,,,,,,,,,,,,,,,,,,,,,,,,,,,,,,,,,,,,,,,,,,,,,,,,,,,,,
22_532,ie_cork_w_2022_late_larix_contree_eu2_forest_eu2mg1_ieni,221,227,351,351,109,111,105,115,0,0,178,203,188,209,,,,,,,,,,,,,,,,,,,,,,,,,,,,,,,,,,,,,,,,,,,,,,,,,,,,,,,,,,,,,,,,,,,,,,,,,,,,,,,,,,,,,,,,,,,,,,,,,,,,,,,,,,,,,,,,,,,,,,,
AFBI_1,ni_down_ni_2022_late_pieris_shrub_eu1_other_EU1MG126_ieni,221,265,355,402,132,143,115,243,153,153,172,203,188,256,,,,,,,,,,,,,,,,,,,,,,,,,,,,,,,,,,,,,,,,,,,,,,,,,,,,,,,,,,,,,,,,,,,,,,,,,,,,,,,,,,,,,,,,,,,,,,,,,,,,,,,,,,,,,,,,,,,,,,,
AFBI_11,ni_antrim_ni_2022_late_larix_contree_eu2_forest_eu2mg6_ieni,221,227,0,0,109,111,105,115,0,0,178,203,188,209,,,,,,,,,,,,,,,,,,,,,,,,,,,,,,,,,,,,,,,,,,,,,,,,,,,,,,,,,,,,,,,,,,,,,,,,,,,,,,,,,,,,,,,,,,,,,,,,,,,,,,,,,,,,,,,,,,,,,,,
AFBI_12,ni_antrim_ni_2022_late_larix_contree_eu2_forest_eu2mg5_ieni,221,227,0,0,109,111,105,115,0,0,178,203,188,0,,,,,,,,,,,,,,,,,,,,,,,,,,,,,,,,,,,,,,,,,,,,,,,,,,,,,,,,,,,,,,,,,,,,,,,,,,,,,,,,,,,,,,,,,,,,,,,,,,,,,,,,,,,,,,,,,,,,,,,
AFBI_13,ni_down_ni_2022_late_larix_contree_eu2_forest_eu2mg5_ieni,221,227,0,0,109,111,105,115,0,0,178,203,188,0,,,,,,,,,,,,,,,,,,,,,,,,,,,,,,,,,,,,,,,,,,,,,,,,,,,,,,,,,,,,,,,,,,,,,,,,,,,,,,,,,,,,,,,,,,,,,,,,,,,,,,,,,,,,,,,,,,,,,,,
AFBI_15,ni_unknown_ni_2022_late_rhod_shrub_eu1_other_eu1mg1_eubr,221,265,355,402,132,143,115,243,149,149,172,203,188,250,,,,,,,,,,,,,,,,,,,,,,,,,,,,,,,,,,,,,,,,,,,,,,,,,,,,,,,,,,,,,,,,,,,,,,,,,,,,,,,,,,,,,,,,,,,,,,,,,,,,,,,,,,,,,,,,,,,,,,,
AFBI_16,ni_unknown_ni_2022_late_viburnum_shrub_eu1_other_eu1mg1_eubr,221,265,355,402,132,143,115,243,149,149,172,203,188,250,,,,,,,,,,,,,,,,,,,,,,,,,,,,,,,,,,,,,,,,,,,,,,,,,,,,,,,,,,,,,,,,,,,,,,,,,,,,,,,,,,,,,,,,,,,,,,,,,,,,,,,,,,,,,,,,,,,,,,,
AFBI_2,ni_down_ni_2022_late_rhod_shrub_eu1_other_eu1mg14_eu,221,265,355,402,132,143,115,243,153,153,172,203,188,250,,,,,,,,,,,,,,,,,,,,,,,,,,,,,,,,,,,,,,,,,,,,,,,,,,,,,,,,,,,,,,,,,,,,,,,,,,,,,,,,,,,,,,,,,,,,,,,,,,,,,,,,,,,,,,,,,,,,,,,
AFBI_5,ni_down_ni_2022_late_larix_contree_eu2_forest_eu2mg3_ieni,221,227,351,351,109,111,105,115,0,0,178,209,188,215,,,,,,,,,,,,,,,,,,,,,,,,,,,,,,,,,,,,,,,,,,,,,,,,,,,,,,,,,,,,,,,,,,,,,,,,,,,,,,,,,,,,,,,,,,,,,,,,,,,,,,,,,,,,,,,,,,,,,,,
AFBI_6,ni_down_ni_2022_late_larix_contree_eu2_forest_eu2mg2_ieni,221,227,0,0,109,111,105,115,0,0,178,209,188,215,,,,,,,,,,,,,,,,,,,,,,,,,,,,,,,,,,,,,,,,,,,,,,,,,,,,,,,,,,,,,,,,,,,,,,,,,,,,,,,,,,,,,,,,,,,,,,,,,,,,,,,,,,,,,,,,,,,,,,,
AFBI_7,ni_down_ni_2022_late_larix_contree_eu2_forest_eu2mg2_ieni,221,227,0,0,109,111,105,115,0,0,178,209,188,215,,,,,,,,,,,,,,,,,,,,,,,,,,,,,,,,,,,,,,,,,,,,,,,,,,,,,,,,,,,,,,,,,,,,,,,,,,,,,,,,,,,,,,,,,,,,,,,,,,,,,,,,,,,,,,,,,,,,,,,
AFBI_8,ni_down_ni_2022_late_rhod_shrub_eu1_other_eu1mg1_eubr,221,265,355,402,132,143,115,243,149,149,172,203,188,250,,,,,,,,,,,,,,,,,,,,,,,,,,,,,,,,,,,,,,,,,,,,,,,,,,,,,,,,,,,,,,,,,,,,,,,,,,,,,,,,,,,,,,,,,,,,,,,,,,,,,,,,,,,,,,,,,,,,,,,
AFBI_9,ni_londonderry_ni_2022_late_larix_contree_eu2_forest_eu2mg2_ieni,221,227,0,0,109,111,105,115,0,0,178,209,188,215,,,,,,,,,,,,,,,,,,,,,,,,,,,,,,,,,,,,,,,,,,,,,,,,,,,,,,,,,,,,,,,,,,,,,,,,,,,,,,,,,,,,,,,,,,,,,,,,,,,,,,,,,,,,,,,,,,,,,,,
IRE_10,ie_cork_w_2013_late_rhod_shrub_eu1_forest_eu1mg87_eu,221,265,355,402,132,143,115,243,149,149,172,203,0,250,,,,,,,,,,,,,,,,,,,,,,,,,,,,,,,,,,,,,,,,,,,,,,,,,,,,,,,,,,,,,,,,,,,,,,,,,,,,,,,,,,,,,,,,,,,,,,,,,,,,,,,,,,,,,,,,,,,,,,,
IRE_100,ie_cork_w_2010_late_rhod_shrub_eu1_forest_eu1mg5_eubr,221,265,355,402,132,143,115,243,149,149,172,203,188,244,,,,,,,,,,,,,,,,,,,,,,,,,,,,,,,,,,,,,,,,,,,,,,,,,,,,,,,,,,,,,,,,,,,,,,,,,,,,,,,,,,,,,,,,,,,,,,,,,,,,,,,,,,,,,,,,,,,,,,,
IRE_102,ie_wicklow_se_2011_late_fagus_brotree_eu1_forest_EU1MG133_ieni,221,265,355,402,115,132,111,0,149,149,172,0,188,0,,,,,,,,,,,,,,,,,,,,,,,,,,,,,,,,,,,,,,,,,,,,,,,,,,,,,,,,,,,,,,,,,,,,,,,,,,,,,,,,,,,,,,,,,,,,,,,,,,,,,,,,,,,,,,,,,,,,,,,
IRE_103,ie_westmeath_ne_2011_late_rhod_shrub_eu1_nursery_eu1mg107_eubr,221,265,355,402,0,0,0,0,149,149,172,203,188,250,,,,,,,,,,,,,,,,,,,,,,,,,,,,,,,,,,,,,,,,,,,,,,,,,,,,,,,,,,,,,,,,,,,,,,,,,,,,,,,,,,,,,,,,,,,,,,,,,,,,,,,,,,,,,,,,,,,,,,,
IRE_105,ie_kerry_w_2011_late_rhod_shrub_eu1_forest_eu1mg1_eubr,221,265,355,402,132,143,115,243,149,149,172,203,188,250,,,,,,,,,,,,,,,,,,,,,,,,,,,,,,,,,,,,,,,,,,,,,,,,,,,,,,,,,,,,,,,,,,,,,,,,,,,,,,,,,,,,,,,,,,,,,,,,,,,,,,,,,,,,,,,,,,,,,,,
IRE_106,ie_cork_w_2011_late_larix_contree_eu1_forest_eu1mg2_eu,221,265,355,404,132,143,115,243,149,149,172,203,188,250,,,,,,,,,,,,,,,,,,,,,,,,,,,,,,,,,,,,,,,,,,,,,,,,,,,,,,,,,,,,,,,,,,,,,,,,,,,,,,,,,,,,,,,,,,,,,,,,,,,,,,,,,,,,,,,,,,,,,,,
IRE_107,ie_tipperary_w_2011_late_larix_contree_eu1_forest_eu1mg1_eubr,221,265,355,402,132,143,115,243,149,149,172,203,188,250,,,,,,,,,,,,,,,,,,,,,,,,,,,,,,,,,,,,,,,,,,,,,,,,,,,,,,,,,,,,,,,,,,,,,,,,,,,,,,,,,,,,,,,,,,,,,,,,,,,,,,,,,,,,,,,,,,,,,,,
IRE_108,ie_tipperary_w_2011_late_larix_contree_eu1_forest_eu1mg1_eubr,221,265,355,402,132,143,115,243,149,149,172,203,188,250,,,,,,,,,,,,,,,,,,,,,,,,,,,,,,,,,,,,,,,,,,,,,,,,,,,,,,,,,,,,,,,,,,,,,,,,,,,,,,,,,,,,,,,,,,,,,,,,,,,,,,,,,,,,,,,,,,,,,,,
IRE_11,ie_kilkenny_se_2013_late_larix_contree_eu1_forest_eu1mg6_eubr,221,265,355,402,132,143,115,239,149,149,172,203,188,250,,,,,,,,,,,,,,,,,,,,,,,,,,,,,,,,,,,,,,,,,,,,,,,,,,,,,,,,,,,,,,,,,,,,,,,,,,,,,,,,,,,,,,,,,,,,,,,,,,,,,,,,,,,,,,,,,,,,,,,
IRE_110,ni_down_ni_2011_late_larix_contree_eu2_forest_eu2mg1_ieni,221,227,351,351,109,111,105,115,0,0,178,203,188,209,,,,,,,,,,,,,,,,,,,,,,,,,,,,,,,,,,,,,,,,,,,,,,,,,,,,,,,,,,,,,,,,,,,,,,,,,,,,,,,,,,,,,,,,,,,,,,,,,,,,,,,,,,,,,,,,,,,,,,,
IRE_111,ie_wicklow_se_2012_late_soil_envi_eu1_forest_eu1mg1_eubr,221,265,355,402,132,143,115,243,149,149,172,203,188,250,,,,,,,,,,,,,,,,,,,,,,,,,,,,,,,,,,,,,,,,,,,,,,,,,,,,,,,,,,,,,,,,,,,,,,,,,,,,,,,,,,,,,,,,,,,,,,,,,,,,,,,,,,,,,,,,,,,,,,,
IRE_114,ie_kildare_ne_2012_late_rhod_shrub_eu1_nursery_eu1mg1_eubr,221,265,355,402,132,143,115,243,149,149,172,203,188,250,,,,,,,,,,,,,,,,,,,,,,,,,,,,,,,,,,,,,,,,,,,,,,,,,,,,,,,,,,,,,,,,,,,,,,,,,,,,,,,,,,,,,,,,,,,,,,,,,,,,,,,,,,,,,,,,,,,,,,,
IRE_115,ie_wicklow_se_2012_late_water_envi_eu1_forest_eu1mg1_eubr,221,265,355,402,132,143,115,243,149,149,172,203,188,250,,,,,,,,,,,,,,,,,,,,,,,,,,,,,,,,,,,,,,,,,,,,,,,,,,,,,,,,,,,,,,,,,,,,,,,,,,,,,,,,,,,,,,,,,,,,,,,,,,,,,,,,,,,,,,,,,,,,,,,
IRE_117,ie_tipperary_w_2012_late_fagus_brotree_eu1_forest_eu1mg1_eubr,221,265,355,402,132,143,115,243,149,149,172,203,188,250,,,,,,,,,,,,,,,,,,,,,,,,,,,,,,,,,,,,,,,,,,,,,,,,,,,,,,,,,,,,,,,,,,,,,,,,,,,,,,,,,,,,,,,,,,,,,,,,,,,,,,,,,,,,,,,,,,,,,,,
IRE_118,ie_wicklow_se_2012_late_larix_contree_eu1_forest_eu1mg1_eubr,221,265,355,402,132,143,115,243,149,149,172,203,188,250,,,,,,,,,,,,,,,,,,,,,,,,,,,,,,,,,,,,,,,,,,,,,,,,,,,,,,,,,,,,,,,,,,,,,,,,,,,,,,,,,,,,,,,,,,,,,,,,,,,,,,,,,,,,,,,,,,,,,,,
IRE_12,ie_kerry_w_2013_late_rhod_shrub_eu1_forest_eu1mg1_eubr,221,265,355,402,132,143,115,243,149,149,172,203,188,250,,,,,,,,,,,,,,,,,,,,,,,,,,,,,,,,,,,,,,,,,,,,,,,,,,,,,,,,,,,,,,,,,,,,,,,,,,,,,,,,,,,,,,,,,,,,,,,,,,,,,,,,,,,,,,,,,,,,,,,
IRE_120,ni_antrim_ni_2012_late_larix_contree_eu1_forest_eu1mg43_brunique,221,265,355,402,132,143,115,237,137,137,172,203,188,250,,,,,,,,,,,,,,,,,,,,,,,,,,,,,,,,,,,,,,,,,,,,,,,,,,,,,,,,,,,,,,,,,,,,,,,,,,,,,,,,,,,,,,,,,,,,,,,,,,,,,,,,,,,,,,,,,,,,,,,
IRE_121,ni_down_ni_2012_late_rhod_shrub_eu2_forest_eu2mg1_ieni,221,227,351,351,109,111,105,115,0,0,178,203,188,209,,,,,,,,,,,,,,,,,,,,,,,,,,,,,,,,,,,,,,,,,,,,,,,,,,,,,,,,,,,,,,,,,,,,,,,,,,,,,,,,,,,,,,,,,,,,,,,,,,,,,,,,,,,,,,,,,,,,,,,
IRE_123,ni_antrim_ni_2012_late_larix_contree_eu2_forest_eu2mg1_ieni,221,227,351,351,109,111,105,115,0,0,178,203,188,209,,,,,,,,,,,,,,,,,,,,,,,,,,,,,,,,,,,,,,,,,,,,,,,,,,,,,,,,,,,,,,,,,,,,,,,,,,,,,,,,,,,,,,,,,,,,,,,,,,,,,,,,,,,,,,,,,,,,,,,
IRE_125,ni_down_ni_2012_late_rhod_shrub_eu2_forest_eu2mg1_ieni,221,227,351,351,109,111,105,115,0,0,178,203,188,209,,,,,,,,,,,,,,,,,,,,,,,,,,,,,,,,,,,,,,,,,,,,,,,,,,,,,,,,,,,,,,,,,,,,,,,,,,,,,,,,,,,,,,,,,,,,,,,,,,,,,,,,,,,,,,,,,,,,,,,
IRE_126,ni_antrim_ni_2012_late_viburnum_shrub_eu2_forest_eu2mg1_ieni,221,227,351,351,109,111,105,115,0,0,178,203,188,209,,,,,,,,,,,,,,,,,,,,,,,,,,,,,,,,,,,,,,,,,,,,,,,,,,,,,,,,,,,,,,,,,,,,,,,,,,,,,,,,,,,,,,,,,,,,,,,,,,,,,,,,,,,,,,,,,,,,,,,
IRE_127,ni_antrim_ni_2012_late_larix_contree_eu2_forest_eu2mg1_ieni,221,227,351,351,109,111,105,115,0,0,178,203,188,209,,,,,,,,,,,,,,,,,,,,,,,,,,,,,,,,,,,,,,,,,,,,,,,,,,,,,,,,,,,,,,,,,,,,,,,,,,,,,,,,,,,,,,,,,,,,,,,,,,,,,,,,,,,,,,,,,,,,,,,
IRE_128,ni_antrim_ni_2012_late_larix_contree_eu2_forest_eu2mg1_ieni,221,227,351,351,109,111,105,115,0,0,178,203,188,209,,,,,,,,,,,,,,,,,,,,,,,,,,,,,,,,,,,,,,,,,,,,,,,,,,,,,,,,,,,,,,,,,,,,,,,,,,,,,,,,,,,,,,,,,,,,,,,,,,,,,,,,,,,,,,,,,,,,,,,
IRE_129,ni_antrim_ni_2012_late_larix_contree_eu2_forest_eu2mg1_ieni,221,227,351,351,109,111,105,115,0,0,178,203,188,209,,,,,,,,,,,,,,,,,,,,,,,,,,,,,,,,,,,,,,,,,,,,,,,,,,,,,,,,,,,,,,,,,,,,,,,,,,,,,,,,,,,,,,,,,,,,,,,,,,,,,,,,,,,,,,,,,,,,,,,
IRE_13,ie_wicklow_se_2014_late_rhod_shrub_eu1_forest_eu1mg1_eubr,221,265,355,402,132,143,115,243,149,149,172,203,188,250,,,,,,,,,,,,,,,,,,,,,,,,,,,,,,,,,,,,,,,,,,,,,,,,,,,,,,,,,,,,,,,,,,,,,,,,,,,,,,,,,,,,,,,,,,,,,,,,,,,,,,,,,,,,,,,,,,,,,,,
IRE_130,ni_antrim_ni_2012_late_larix_contree_eu2_forest_eu2mg1_ieni,221,227,351,351,109,111,105,115,0,0,178,203,188,209,,,,,,,,,,,,,,,,,,,,,,,,,,,,,,,,,,,,,,,,,,,,,,,,,,,,,,,,,,,,,,,,,,,,,,,,,,,,,,,,,,,,,,,,,,,,,,,,,,,,,,,,,,,,,,,,,,,,,,,
IRE_131,ni_antrim_ni_2012_late_larix_contree_eu2_forest_eu2mg1_ieni,221,227,351,351,109,111,105,115,0,0,178,203,188,209,,,,,,,,,,,,,,,,,,,,,,,,,,,,,,,,,,,,,,,,,,,,,,,,,,,,,,,,,,,,,,,,,,,,,,,,,,,,,,,,,,,,,,,,,,,,,,,,,,,,,,,,,,,,,,,,,,,,,,,
IRE_132,ni_antrim_ni_2012_late_larix_contree_eu2_forest_eu2mg1_ieni,221,227,351,351,109,111,105,115,0,0,178,203,188,209,,,,,,,,,,,,,,,,,,,,,,,,,,,,,,,,,,,,,,,,,,,,,,,,,,,,,,,,,,,,,,,,,,,,,,,,,,,,,,,,,,,,,,,,,,,,,,,,,,,,,,,,,,,,,,,,,,,,,,,
IRE_133,ni_armagh_ni_2012_late_abies_contree_eu1_forest_eu1mg1_eubr,221,265,355,402,132,143,115,243,149,149,172,203,188,250,,,,,,,,,,,,,,,,,,,,,,,,,,,,,,,,,,,,,,,,,,,,,,,,,,,,,,,,,,,,,,,,,,,,,,,,,,,,,,,,,,,,,,,,,,,,,,,,,,,,,,,,,,,,,,,,,,,,,,,
IRE_134,ni_antrim_ni_2012_late_larix_contree_eu2_forest_eu2mg1_ieni,221,227,351,351,109,111,105,115,0,0,178,203,188,209,,,,,,,,,,,,,,,,,,,,,,,,,,,,,,,,,,,,,,,,,,,,,,,,,,,,,,,,,,,,,,,,,,,,,,,,,,,,,,,,,,,,,,,,,,,,,,,,,,,,,,,,,,,,,,,,,,,,,,,
IRE_136,ni_antrim_ni_2012_late_larix_contree_eu2_forest_eu2mg1_ieni,221,227,351,351,109,111,105,115,0,0,178,203,188,209,,,,,,,,,,,,,,,,,,,,,,,,,,,,,,,,,,,,,,,,,,,,,,,,,,,,,,,,,,,,,,,,,,,,,,,,,,,,,,,,,,,,,,,,,,,,,,,,,,,,,,,,,,,,,,,,,,,,,,,
IRE_137,ni_antrim_ni_2012_late_larix_contree_eu2_forest_eu2mg1_ieni,221,227,351,351,109,111,105,115,0,0,178,203,188,209,,,,,,,,,,,,,,,,,,,,,,,,,,,,,,,,,,,,,,,,,,,,,,,,,,,,,,,,,,,,,,,,,,,,,,,,,,,,,,,,,,,,,,,,,,,,,,,,,,,,,,,,,,,,,,,,,,,,,,,
IRE_138,ni_antrim_ni_2012_late_larix_contree_eu2_forest_eu2mg1_ieni,221,227,351,351,109,111,105,115,0,0,178,203,188,209,,,,,,,,,,,,,,,,,,,,,,,,,,,,,,,,,,,,,,,,,,,,,,,,,,,,,,,,,,,,,,,,,,,,,,,,,,,,,,,,,,,,,,,,,,,,,,,,,,,,,,,,,,,,,,,,,,,,,,,
IRE_139,ni_antrim_ni_2012_late_larix_contree_eu2_forest_eu2mg1_ieni,221,227,351,351,109,111,105,115,0,0,178,203,188,209,,,,,,,,,,,,,,,,,,,,,,,,,,,,,,,,,,,,,,,,,,,,,,,,,,,,,,,,,,,,,,,,,,,,,,,,,,,,,,,,,,,,,,,,,,,,,,,,,,,,,,,,,,,,,,,,,,,,,,,
IRE_14,ie_kerry_w_2014_late_larix_contree_eu1_forest_eu1mg1_eubr,221,265,355,402,132,143,115,243,149,149,172,203,188,250,,,,,,,,,,,,,,,,,,,,,,,,,,,,,,,,,,,,,,,,,,,,,,,,,,,,,,,,,,,,,,,,,,,,,,,,,,,,,,,,,,,,,,,,,,,,,,,,,,,,,,,,,,,,,,,,,,,,,,,
IRE_140,ie_wicklow_se_2014_late_water_envi_eu1_forest_eu1mg1_eubr,221,265,355,402,132,143,115,243,149,149,172,203,188,250,,,,,,,,,,,,,,,,,,,,,,,,,,,,,,,,,,,,,,,,,,,,,,,,,,,,,,,,,,,,,,,,,,,,,,,,,,,,,,,,,,,,,,,,,,,,,,,,,,,,,,,,,,,,,,,,,,,,,,,
IRE_141,ie_wicklow_se_2014_late_water_envi_eu1_forest_eu1mg1_eubr,221,265,355,402,132,143,115,243,149,149,172,203,188,250,,,,,,,,,,,,,,,,,,,,,,,,,,,,,,,,,,,,,,,,,,,,,,,,,,,,,,,,,,,,,,,,,,,,,,,,,,,,,,,,,,,,,,,,,,,,,,,,,,,,,,,,,,,,,,,,,,,,,,,
IRE_142,ie_wicklow_se_2014_late_water_envi_eu1_forest_eu1mg1_eubr,221,265,355,402,132,143,115,243,149,149,172,203,188,250,,,,,,,,,,,,,,,,,,,,,,,,,,,,,,,,,,,,,,,,,,,,,,,,,,,,,,,,,,,,,,,,,,,,,,,,,,,,,,,,,,,,,,,,,,,,,,,,,,,,,,,,,,,,,,,,,,,,,,,
IRE_143,ie_wicklow_se_2015_late_water_envi_eu1_forest_eu1mg1_eubr,221,265,355,402,132,143,115,243,149,149,172,203,188,250,,,,,,,,,,,,,,,,,,,,,,,,,,,,,,,,,,,,,,,,,,,,,,,,,,,,,,,,,,,,,,,,,,,,,,,,,,,,,,,,,,,,,,,,,,,,,,,,,,,,,,,,,,,,,,,,,,,,,,,
IRE_145,ie_wicklow_se_2015_late_fagus_brotree_eu1_forest_eu1mg1_eubr,221,265,355,402,132,143,115,243,149,149,172,203,188,250,,,,,,,,,,,,,,,,,,,,,,,,,,,,,,,,,,,,,,,,,,,,,,,,,,,,,,,,,,,,,,,,,,,,,,,,,,,,,,,,,,,,,,,,,,,,,,,,,,,,,,,,,,,,,,,,,,,,,,,
IRE_146,ie_wicklow_se_2015_late_water_envi_eu1_forest_eu1mg1_eubr,221,265,355,402,132,143,115,243,149,149,172,203,188,250,,,,,,,,,,,,,,,,,,,,,,,,,,,,,,,,,,,,,,,,,,,,,,,,,,,,,,,,,,,,,,,,,,,,,,,,,,,,,,,,,,,,,,,,,,,,,,,,,,,,,,,,,,,,,,,,,,,,,,,
IRE_147,ie_waterford_se_2015_late_water_envi_eu1_forest_eu1mg1_eubr,221,265,355,402,132,143,115,243,149,149,172,203,188,250,,,,,,,,,,,,,,,,,,,,,,,,,,,,,,,,,,,,,,,,,,,,,,,,,,,,,,,,,,,,,,,,,,,,,,,,,,,,,,,,,,,,,,,,,,,,,,,,,,,,,,,,,,,,,,,,,,,,,,,
IRE_148,ie_tipperary_w_2015_late_water_envi_eu1_forest_eu1mg1_eubr,221,265,355,402,132,143,115,243,149,149,172,203,188,250,,,,,,,,,,,,,,,,,,,,,,,,,,,,,,,,,,,,,,,,,,,,,,,,,,,,,,,,,,,,,,,,,,,,,,,,,,,,,,,,,,,,,,,,,,,,,,,,,,,,,,,,,,,,,,,,,,,,,,,
IRE_15,ie_tipperary_w_2014_late_larix_contree_eu1_forest_eu1mg18_eubr,221,265,355,402,132,143,115,243,149,149,172,203,188,256,,,,,,,,,,,,,,,,,,,,,,,,,,,,,,,,,,,,,,,,,,,,,,,,,,,,,,,,,,,,,,,,,,,,,,,,,,,,,,,,,,,,,,,,,,,,,,,,,,,,,,,,,,,,,,,,,,,,,,,
IRE_17,ie_cork_w_2014_late_gaultheria_shrub_eu1_forest_eu1mg1_eubr,221,265,355,402,132,143,115,243,149,149,172,203,188,250,,,,,,,,,,,,,,,,,,,,,,,,,,,,,,,,,,,,,,,,,,,,,,,,,,,,,,,,,,,,,,,,,,,,,,,,,,,,,,,,,,,,,,,,,,,,,,,,,,,,,,,,,,,,,,,,,,,,,,,
IRE_18,ie_cork_w_2014_late_larix_contree_eu1_forest_EU1MG125_ieni,221,269,355,402,132,143,115,243,149,149,172,203,188,256,,,,,,,,,,,,,,,,,,,,,,,,,,,,,,,,,,,,,,,,,,,,,,,,,,,,,,,,,,,,,,,,,,,,,,,,,,,,,,,,,,,,,,,,,,,,,,,,,,,,,,,,,,,,,,,,,,,,,,,
IRE_19,ie_kerry_w_2014_late_larix_contree_eu1_forest_eu1mg1_eubr,221,265,355,402,132,143,115,243,149,149,172,203,188,250,,,,,,,,,,,,,,,,,,,,,,,,,,,,,,,,,,,,,,,,,,,,,,,,,,,,,,,,,,,,,,,,,,,,,,,,,,,,,,,,,,,,,,,,,,,,,,,,,,,,,,,,,,,,,,,,,,,,,,,
IRE_2,ie_cork_w_2012_late_rhod_shrub_eu1_forest_eu1mg13_eubr,221,265,355,402,132,143,115,245,149,149,172,203,188,250,,,,,,,,,,,,,,,,,,,,,,,,,,,,,,,,,,,,,,,,,,,,,,,,,,,,,,,,,,,,,,,,,,,,,,,,,,,,,,,,,,,,,,,,,,,,,,,,,,,,,,,,,,,,,,,,,,,,,,,
IRE_20,ie_kerry_w_2014_late_rhod_shrub_eu1_forest_eu1mg1_eubr,221,265,355,402,132,143,115,243,149,149,172,203,188,250,,,,,,,,,,,,,,,,,,,,,,,,,,,,,,,,,,,,,,,,,,,,,,,,,,,,,,,,,,,,,,,,,,,,,,,,,,,,,,,,,,,,,,,,,,,,,,,,,,,,,,,,,,,,,,,,,,,,,,,
IRE_21,ie_kerry_w_2014_late_rhod_shrub_eu1_forest_eu1mg1_eubr,221,265,355,402,132,143,115,243,149,149,172,203,188,250,,,,,,,,,,,,,,,,,,,,,,,,,,,,,,,,,,,,,,,,,,,,,,,,,,,,,,,,,,,,,,,,,,,,,,,,,,,,,,,,,,,,,,,,,,,,,,,,,,,,,,,,,,,,,,,,,,,,,,,
IRE_22,ie_cork_w_2014_late_rhod_shrub_eu1_forest_eu1mg1_eubr,221,265,355,402,132,143,115,243,149,149,172,203,188,250,,,,,,,,,,,,,,,,,,,,,,,,,,,,,,,,,,,,,,,,,,,,,,,,,,,,,,,,,,,,,,,,,,,,,,,,,,,,,,,,,,,,,,,,,,,,,,,,,,,,,,,,,,,,,,,,,,,,,,,
IRE_24,ie_kerry_w_2014_late_rhod_shrub_eu1_forest_eu1mg18_eubr,221,265,355,402,132,143,115,243,149,149,172,203,188,256,,,,,,,,,,,,,,,,,,,,,,,,,,,,,,,,,,,,,,,,,,,,,,,,,,,,,,,,,,,,,,,,,,,,,,,,,,,,,,,,,,,,,,,,,,,,,,,,,,,,,,,,,,,,,,,,,,,,,,,
IRE_26,ie_wexford_se_2014_late_larix_contree_eu1_forest_eu1mg1_eubr,221,265,355,402,132,143,115,243,149,149,172,203,188,250,,,,,,,,,,,,,,,,,,,,,,,,,,,,,,,,,,,,,,,,,,,,,,,,,,,,,,,,,,,,,,,,,,,,,,,,,,,,,,,,,,,,,,,,,,,,,,,,,,,,,,,,,,,,,,,,,,,,,,,
IRE_27,ie_cork_w_2014_late_larix_contree_eu1_forest_eu1mg1_eubr,221,265,355,402,132,143,115,243,149,149,172,203,188,250,,,,,,,,,,,,,,,,,,,,,,,,,,,,,,,,,,,,,,,,,,,,,,,,,,,,,,,,,,,,,,,,,,,,,,,,,,,,,,,,,,,,,,,,,,,,,,,,,,,,,,,,,,,,,,,,,,,,,,,
IRE_28,ie_wicklow_se_2014_late_larix_contree_eu1_forest_eu1mg1_eubr,221,265,355,402,132,143,115,243,149,149,172,203,188,250,,,,,,,,,,,,,,,,,,,,,,,,,,,,,,,,,,,,,,,,,,,,,,,,,,,,,,,,,,,,,,,,,,,,,,,,,,,,,,,,,,,,,,,,,,,,,,,,,,,,,,,,,,,,,,,,,,,,,,,
IRE_29,ie_dublin_ne_2012_late_pieris_shrub_eu1_nursery_EU1MG129_ieni,221,265,355,404,0,143,0,243,149,149,0,203,0,250,,,,,,,,,,,,,,,,,,,,,,,,,,,,,,,,,,,,,,,,,,,,,,,,,,,,,,,,,,,,,,,,,,,,,,,,,,,,,,,,,,,,,,,,,,,,,,,,,,,,,,,,,,,,,,,,,,,,,,,
IRE_30,ie_wicklow_se_2012_late_rhod_shrub_eu1_nursery_eu1mg22_eubr,221,265,355,402,132,143,115,243,149,149,172,209,188,250,,,,,,,,,,,,,,,,,,,,,,,,,,,,,,,,,,,,,,,,,,,,,,,,,,,,,,,,,,,,,,,,,,,,,,,,,,,,,,,,,,,,,,,,,,,,,,,,,,,,,,,,,,,,,,,,,,,,,,,
IRE_31,ie_kildare_ne_2012_late_rhod_shrub_eu1_nursery_eu1mg1_eubr,221,265,355,402,132,143,115,243,149,149,172,203,188,250,,,,,,,,,,,,,,,,,,,,,,,,,,,,,,,,,,,,,,,,,,,,,,,,,,,,,,,,,,,,,,,,,,,,,,,,,,,,,,,,,,,,,,,,,,,,,,,,,,,,,,,,,,,,,,,,,,,,,,,
IRE_33,ie_westmeath_ne_2012_late_viburnum_shrub_eu1_nursery_eu1mg1_eubr,221,265,355,402,132,143,115,243,149,149,172,203,188,250,,,,,,,,,,,,,,,,,,,,,,,,,,,,,,,,,,,,,,,,,,,,,,,,,,,,,,,,,,,,,,,,,,,,,,,,,,,,,,,,,,,,,,,,,,,,,,,,,,,,,,,,,,,,,,,,,,,,,,,
IRE_34,ie_cork_w_2013_late_rhod_shrub_eu1_nursery_eu1mg1_eubr,221,265,355,402,132,143,115,243,149,149,172,203,188,250,,,,,,,,,,,,,,,,,,,,,,,,,,,,,,,,,,,,,,,,,,,,,,,,,,,,,,,,,,,,,,,,,,,,,,,,,,,,,,,,,,,,,,,,,,,,,,,,,,,,,,,,,,,,,,,,,,,,,,,
IRE_36,ie_waterford_se_2014_late_rhod_shrub_eu1_nursery_EU1MG135_ieni,221,265,355,402,132,143,115,237,149,149,172,203,194,250,,,,,,,,,,,,,,,,,,,,,,,,,,,,,,,,,,,,,,,,,,,,,,,,,,,,,,,,,,,,,,,,,,,,,,,,,,,,,,,,,,,,,,,,,,,,,,,,,,,,,,,,,,,,,,,,,,,,,,,
IRE_37,ie_cork_w_2014_late_rhod_shrub_eu1_nursery_EU1MG132_ieni,221,265,355,402,132,147,115,243,149,149,172,203,188,250,,,,,,,,,,,,,,,,,,,,,,,,,,,,,,,,,,,,,,,,,,,,,,,,,,,,,,,,,,,,,,,,,,,,,,,,,,,,,,,,,,,,,,,,,,,,,,,,,,,,,,,,,,,,,,,,,,,,,,,
IRE_38,ie_galway_w_2014_late_rhod_shrub_eu1_nursery_eu1mg26_eubr,221,265,355,402,132,143,115,247,149,149,172,203,188,250,,,,,,,,,,,,,,,,,,,,,,,,,,,,,,,,,,,,,,,,,,,,,,,,,,,,,,,,,,,,,,,,,,,,,,,,,,,,,,,,,,,,,,,,,,,,,,,,,,,,,,,,,,,,,,,,,,,,,,,
IRE_4,ie_kerry_w_2012_late_rhod_shrub_eu1_forest_EU1MG128_ieni,221,265,355,398,132,143,115,245,149,149,172,203,188,250,,,,,,,,,,,,,,,,,,,,,,,,,,,,,,,,,,,,,,,,,,,,,,,,,,,,,,,,,,,,,,,,,,,,,,,,,,,,,,,,,,,,,,,,,,,,,,,,,,,,,,,,,,,,,,,,,,,,,,,
IRE_40,ie_waterford_se_2014_late_viburnum_shrub_eu1_nursery_eu1mg1_eubr,221,265,355,402,132,143,115,243,149,149,172,203,188,250,,,,,,,,,,,,,,,,,,,,,,,,,,,,,,,,,,,,,,,,,,,,,,,,,,,,,,,,,,,,,,,,,,,,,,,,,,,,,,,,,,,,,,,,,,,,,,,,,,,,,,,,,,,,,,,,,,,,,,,
IRE_41,ie_wexford_se_2014_late_rhod_shrub_eu1_nursery_eu1mg1_eubr,221,265,355,402,132,143,115,243,149,149,172,203,188,250,,,,,,,,,,,,,,,,,,,,,,,,,,,,,,,,,,,,,,,,,,,,,,,,,,,,,,,,,,,,,,,,,,,,,,,,,,,,,,,,,,,,,,,,,,,,,,,,,,,,,,,,,,,,,,,,,,,,,,,
IRE_46,ie_wicklow_se_2014_late_viburnum_shrub_eu1_nursery_eu1mg1_eubr,221,265,355,402,132,143,115,243,149,149,172,203,188,250,,,,,,,,,,,,,,,,,,,,,,,,,,,,,,,,,,,,,,,,,,,,,,,,,,,,,,,,,,,,,,,,,,,,,,,,,,,,,,,,,,,,,,,,,,,,,,,,,,,,,,,,,,,,,,,,,,,,,,,
IRE_48,ie_cork_w_2015_late_rhod_shrub_eu1_nursery_eu1mg1_eubr,221,265,355,402,132,143,115,243,149,149,172,203,188,250,,,,,,,,,,,,,,,,,,,,,,,,,,,,,,,,,,,,,,,,,,,,,,,,,,,,,,,,,,,,,,,,,,,,,,,,,,,,,,,,,,,,,,,,,,,,,,,,,,,,,,,,,,,,,,,,,,,,,,,
IRE_49,ie_tipperary_w_2015_late_viburnum_shrub_eu1_nursery_eu1mg1_eubr,221,265,355,402,132,143,115,243,149,149,172,203,188,250,,,,,,,,,,,,,,,,,,,,,,,,,,,,,,,,,,,,,,,,,,,,,,,,,,,,,,,,,,,,,,,,,,,,,,,,,,,,,,,,,,,,,,,,,,,,,,,,,,,,,,,,,,,,,,,,,,,,,,,
IRE_50,ie_kerry_w_2015_late_rhod_shrub_eu1_nursery_eu1mg18_eubr,221,265,355,402,132,143,115,243,149,149,172,203,188,256,,,,,,,,,,,,,,,,,,,,,,,,,,,,,,,,,,,,,,,,,,,,,,,,,,,,,,,,,,,,,,,,,,,,,,,,,,,,,,,,,,,,,,,,,,,,,,,,,,,,,,,,,,,,,,,,,,,,,,,
IRE_51,ie_tipperary_w_2015_late_rhod_shrub_eu1_nursery_eu1mg1_eubr,221,265,355,402,132,143,115,243,149,149,172,203,188,250,,,,,,,,,,,,,,,,,,,,,,,,,,,,,,,,,,,,,,,,,,,,,,,,,,,,,,,,,,,,,,,,,,,,,,,,,,,,,,,,,,,,,,,,,,,,,,,,,,,,,,,,,,,,,,,,,,,,,,,
IRE_53,ie_galway_w_2015_late_camellia_shrub_eu1_nursery_eu1mg19_eubr,221,265,355,402,132,143,115,243,149,149,172,197,188,250,,,,,,,,,,,,,,,,,,,,,,,,,,,,,,,,,,,,,,,,,,,,,,,,,,,,,,,,,,,,,,,,,,,,,,,,,,,,,,,,,,,,,,,,,,,,,,,,,,,,,,,,,,,,,,,,,,,,,,,
IRE_54,ie_kerry_w_2015_late_rhod_shrub_eu1_nursery_eu1mg5_eubr,221,265,355,402,132,143,115,243,149,149,172,203,188,244,,,,,,,,,,,,,,,,,,,,,,,,,,,,,,,,,,,,,,,,,,,,,,,,,,,,,,,,,,,,,,,,,,,,,,,,,,,,,,,,,,,,,,,,,,,,,,,,,,,,,,,,,,,,,,,,,,,,,,,
IRE_58,ie_limerick_w_2015_late_rhod_shrub_eu1_nursery_eu1mg5_eubr,221,265,355,402,132,143,115,243,149,149,172,203,188,244,,,,,,,,,,,,,,,,,,,,,,,,,,,,,,,,,,,,,,,,,,,,,,,,,,,,,,,,,,,,,,,,,,,,,,,,,,,,,,,,,,,,,,,,,,,,,,,,,,,,,,,,,,,,,,,,,,,,,,,
IRE_59,ie_cork_w_2015_late_rhod_shrub_eu1_nursery_eu1mg1_eubr,221,265,355,402,132,143,115,243,149,149,172,203,188,250,,,,,,,,,,,,,,,,,,,,,,,,,,,,,,,,,,,,,,,,,,,,,,,,,,,,,,,,,,,,,,,,,,,,,,,,,,,,,,,,,,,,,,,,,,,,,,,,,,,,,,,,,,,,,,,,,,,,,,,
IRE_6,ie_kerry_w_2013_late_larix_contree_eu1_forest_eu1mg1_eubr,221,265,355,402,132,143,115,243,149,149,172,203,188,250,,,,,,,,,,,,,,,,,,,,,,,,,,,,,,,,,,,,,,,,,,,,,,,,,,,,,,,,,,,,,,,,,,,,,,,,,,,,,,,,,,,,,,,,,,,,,,,,,,,,,,,,,,,,,,,,,,,,,,,
IRE_60,ie_cork_w_2015_late_viburnum_shrub_eu1_nursery_eu1mg32_brunique,221,265,355,402,132,143,115,237,149,149,172,203,188,250,,,,,,,,,,,,,,,,,,,,,,,,,,,,,,,,,,,,,,,,,,,,,,,,,,,,,,,,,,,,,,,,,,,,,,,,,,,,,,,,,,,,,,,,,,,,,,,,,,,,,,,,,,,,,,,,,,,,,,,
IRE_61,ie_kerry_w_2015_late_camellia_shrub_eu1_nursery_eu1mg1_eubr,221,265,355,402,132,143,115,243,149,149,172,203,188,250,,,,,,,,,,,,,,,,,,,,,,,,,,,,,,,,,,,,,,,,,,,,,,,,,,,,,,,,,,,,,,,,,,,,,,,,,,,,,,,,,,,,,,,,,,,,,,,,,,,,,,,,,,,,,,,,,,,,,,,
IRE_62,ie_waterford_se_2017_late_rhod_shrub_eu1_nursery_eu1mg32_brunique,221,265,355,402,132,143,115,237,149,149,172,203,188,250,,,,,,,,,,,,,,,,,,,,,,,,,,,,,,,,,,,,,,,,,,,,,,,,,,,,,,,,,,,,,,,,,,,,,,,,,,,,,,,,,,,,,,,,,,,,,,,,,,,,,,,,,,,,,,,,,,,,,,,
IRE_63,ie_waterford_w_2005_early_rhod_shrub_eu1_nursery_eu1mg32_brunique,221,265,355,402,132,143,115,237,149,149,172,203,188,250,,,,,,,,,,,,,,,,,,,,,,,,,,,,,,,,,,,,,,,,,,,,,,,,,,,,,,,,,,,,,,,,,,,,,,,,,,,,,,,,,,,,,,,,,,,,,,,,,,,,,,,,,,,,,,,,,,,,,,,
IRE_64,ie_kerry_w_2005_early_rhod_shrub_eu1_forest_eu1mg1_eubr,221,265,355,402,132,143,115,243,149,149,172,203,188,250,,,,,,,,,,,,,,,,,,,,,,,,,,,,,,,,,,,,,,,,,,,,,,,,,,,,,,,,,,,,,,,,,,,,,,,,,,,,,,,,,,,,,,,,,,,,,,,,,,,,,,,,,,,,,,,,,,,,,,,
IRE_65,ie_galway_w_2006_early_rhod_shrub_eu1_nursery_eu1mg1_eubr,221,265,355,402,132,143,115,243,149,149,172,203,188,250,,,,,,,,,,,,,,,,,,,,,,,,,,,,,,,,,,,,,,,,,,,,,,,,,,,,,,,,,,,,,,,,,,,,,,,,,,,,,,,,,,,,,,,,,,,,,,,,,,,,,,,,,,,,,,,,,,,,,,,
IRE_66,ie_galway_w_2006_early_viburnum_shrub_eu1_nursery_eu1mg1_eubr,221,265,355,402,132,143,115,243,149,149,172,203,188,250,,,,,,,,,,,,,,,,,,,,,,,,,,,,,,,,,,,,,,,,,,,,,,,,,,,,,,,,,,,,,,,,,,,,,,,,,,,,,,,,,,,,,,,,,,,,,,,,,,,,,,,,,,,,,,,,,,,,,,,
IRE_67,ie_tipperary_w_2006_early_rhod_shrub_eu1_forest_EU1MG130_ieni,221,265,355,404,132,143,115,247,149,149,172,203,188,250,,,,,,,,,,,,,,,,,,,,,,,,,,,,,,,,,,,,,,,,,,,,,,,,,,,,,,,,,,,,,,,,,,,,,,,,,,,,,,,,,,,,,,,,,,,,,,,,,,,,,,,,,,,,,,,,,,,,,,,
IRE_68,ie_kerry_w_2009_early_rhod_shrub_eu1_forest_eu1mg26_eubr,221,265,355,402,132,143,115,247,149,149,172,203,188,250,,,,,,,,,,,,,,,,,,,,,,,,,,,,,,,,,,,,,,,,,,,,,,,,,,,,,,,,,,,,,,,,,,,,,,,,,,,,,,,,,,,,,,,,,,,,,,,,,,,,,,,,,,,,,,,,,,,,,,,
IRE_7,ie_cork_w_2013_late_larix_contree_eu1_forest_eu1mg1_eubr,221,265,355,402,132,143,115,243,149,149,172,203,188,250,,,,,,,,,,,,,,,,,,,,,,,,,,,,,,,,,,,,,,,,,,,,,,,,,,,,,,,,,,,,,,,,,,,,,,,,,,,,,,,,,,,,,,,,,,,,,,,,,,,,,,,,,,,,,,,,,,,,,,,
IRE_70,ie_kerry_w_2006_early_rhod_shrub_eu1_forest_eu1mg26_eubr,221,265,355,402,132,143,115,247,149,149,172,203,188,250,,,,,,,,,,,,,,,,,,,,,,,,,,,,,,,,,,,,,,,,,,,,,,,,,,,,,,,,,,,,,,,,,,,,,,,,,,,,,,,,,,,,,,,,,,,,,,,,,,,,,,,,,,,,,,,,,,,,,,,
IRE_71,ie_clare_w_2006_early_rhod_shrub_eu1_nursery_eu1mg1_eubr,221,265,355,402,132,143,115,243,149,149,172,203,188,250,,,,,,,,,,,,,,,,,,,,,,,,,,,,,,,,,,,,,,,,,,,,,,,,,,,,,,,,,,,,,,,,,,,,,,,,,,,,,,,,,,,,,,,,,,,,,,,,,,,,,,,,,,,,,,,,,,,,,,,
IRE_72,ie_galway_w_2006_early_rhod_shrub_eu1_forest_eu1mg1_eubr,221,265,355,402,132,143,115,243,149,149,172,203,188,250,,,,,,,,,,,,,,,,,,,,,,,,,,,,,,,,,,,,,,,,,,,,,,,,,,,,,,,,,,,,,,,,,,,,,,,,,,,,,,,,,,,,,,,,,,,,,,,,,,,,,,,,,,,,,,,,,,,,,,,
IRE_73,ie_kerry_unknown_2007_early_rhod_shrub_eu1_forest_eu1mg13_eubr,221,265,355,402,132,143,115,245,149,149,172,203,188,250,,,,,,,,,,,,,,,,,,,,,,,,,,,,,,,,,,,,,,,,,,,,,,,,,,,,,,,,,,,,,,,,,,,,,,,,,,,,,,,,,,,,,,,,,,,,,,,,,,,,,,,,,,,,,,,,,,,,,,,
IRE_74,ie_clare_w_2007_early_viburnum_shrub_eu1_nursery_EU1MG131_ieni,221,265,355,404,132,143,115,245,149,149,172,203,188,250,,,,,,,,,,,,,,,,,,,,,,,,,,,,,,,,,,,,,,,,,,,,,,,,,,,,,,,,,,,,,,,,,,,,,,,,,,,,,,,,,,,,,,,,,,,,,,,,,,,,,,,,,,,,,,,,,,,,,,,
IRE_75,ie_laois_se_2007_early_viburnum_shrub_eu1_nursery_eu1mg1_eubr,221,265,355,402,132,143,115,243,149,149,172,203,188,250,,,,,,,,,,,,,,,,,,,,,,,,,,,,,,,,,,,,,,,,,,,,,,,,,,,,,,,,,,,,,,,,,,,,,,,,,,,,,,,,,,,,,,,,,,,,,,,,,,,,,,,,,,,,,,,,,,,,,,,
IRE_76,ie_westmeath_ne_2007_early_rhod_shrub_eu1_nursery_eu1mg1_eubr,221,265,355,402,132,143,115,243,149,149,172,203,188,250,,,,,,,,,,,,,,,,,,,,,,,,,,,,,,,,,,,,,,,,,,,,,,,,,,,,,,,,,,,,,,,,,,,,,,,,,,,,,,,,,,,,,,,,,,,,,,,,,,,,,,,,,,,,,,,,,,,,,,,
IRE_77,ie_louth_ne_2007_early_viburnum_shrub_eu1_nursery_eu1mg1_eubr,221,265,355,402,132,143,115,243,149,149,172,203,188,250,,,,,,,,,,,,,,,,,,,,,,,,,,,,,,,,,,,,,,,,,,,,,,,,,,,,,,,,,,,,,,,,,,,,,,,,,,,,,,,,,,,,,,,,,,,,,,,,,,,,,,,,,,,,,,,,,,,,,,,
IRE_78,ie_kildare_ne_2008_early_rhod_shrub_eu1_nursery_eu1mg1_eubr,221,265,355,402,132,143,115,243,149,149,172,203,188,250,,,,,,,,,,,,,,,,,,,,,,,,,,,,,,,,,,,,,,,,,,,,,,,,,,,,,,,,,,,,,,,,,,,,,,,,,,,,,,,,,,,,,,,,,,,,,,,,,,,,,,,,,,,,,,,,,,,,,,,
IRE_79,ie_cork_w_2008_early_rhod_shrub_eu1_forest_eu1mg1_eubr,221,265,355,402,132,143,115,243,149,149,172,203,188,250,,,,,,,,,,,,,,,,,,,,,,,,,,,,,,,,,,,,,,,,,,,,,,,,,,,,,,,,,,,,,,,,,,,,,,,,,,,,,,,,,,,,,,,,,,,,,,,,,,,,,,,,,,,,,,,,,,,,,,,
IRE_80,ie_kildare_ne_2009_early_rhod_shrub_eu1_nursery_eu1mg1_eubr,221,265,355,402,132,143,115,243,149,149,172,203,188,250,,,,,,,,,,,,,,,,,,,,,,,,,,,,,,,,,,,,,,,,,,,,,,,,,,,,,,,,,,,,,,,,,,,,,,,,,,,,,,,,,,,,,,,,,,,,,,,,,,,,,,,,,,,,,,,,,,,,,,,
IRE_81,ie_kildare_ne_2009_early_rhod_shrub_eu1_nursery_eu1mg1_eubr,221,265,355,402,132,143,115,243,149,149,172,203,188,250,,,,,,,,,,,,,,,,,,,,,,,,,,,,,,,,,,,,,,,,,,,,,,,,,,,,,,,,,,,,,,,,,,,,,,,,,,,,,,,,,,,,,,,,,,,,,,,,,,,,,,,,,,,,,,,,,,,,,,,
IRE_82,ie_tipperary_w_2009_early_rhod_shrub_eu1_forest_eu1mg1_eubr,221,265,355,402,132,143,115,243,149,149,172,203,188,250,,,,,,,,,,,,,,,,,,,,,,,,,,,,,,,,,,,,,,,,,,,,,,,,,,,,,,,,,,,,,,,,,,,,,,,,,,,,,,,,,,,,,,,,,,,,,,,,,,,,,,,,,,,,,,,,,,,,,,,
IRE_83,ie_kilkenny_se_2010_late_camellia_shrub_eu1_nursery_eu1mg19_eubr,221,265,355,402,132,143,115,243,149,149,172,197,188,250,,,,,,,,,,,,,,,,,,,,,,,,,,,,,,,,,,,,,,,,,,,,,,,,,,,,,,,,,,,,,,,,,,,,,,,,,,,,,,,,,,,,,,,,,,,,,,,,,,,,,,,,,,,,,,,,,,,,,,,
IRE_84,ie_kilkenny_se_2010_late_viburnum_shrub_eu1_nursery_eu1mg19_eubr,221,265,355,402,132,143,115,243,149,149,172,197,188,250,,,,,,,,,,,,,,,,,,,,,,,,,,,,,,,,,,,,,,,,,,,,,,,,,,,,,,,,,,,,,,,,,,,,,,,,,,,,,,,,,,,,,,,,,,,,,,,,,,,,,,,,,,,,,,,,,,,,,,,
IRE_85,ie_wicklow_se_2010_late_rhod_shrub_eu1_nursery_eu1mg1_eubr,221,265,355,402,132,143,115,243,149,149,172,203,188,250,,,,,,,,,,,,,,,,,,,,,,,,,,,,,,,,,,,,,,,,,,,,,,,,,,,,,,,,,,,,,,,,,,,,,,,,,,,,,,,,,,,,,,,,,,,,,,,,,,,,,,,,,,,,,,,,,,,,,,,
IRE_86,ie_wicklow_se_2010_late_pieris_shrub_eu1_nursery_eu1mg88_eu,221,265,355,402,132,143,115,243,149,149,172,203,188,0,,,,,,,,,,,,,,,,,,,,,,,,,,,,,,,,,,,,,,,,,,,,,,,,,,,,,,,,,,,,,,,,,,,,,,,,,,,,,,,,,,,,,,,,,,,,,,,,,,,,,,,,,,,,,,,,,,,,,,,
IRE_87,ie_waterford_se_2010_late_picea_contree_eu1_forest_eu1mg1_eubr,221,265,355,402,132,143,115,243,149,149,172,203,188,250,,,,,,,,,,,,,,,,,,,,,,,,,,,,,,,,,,,,,,,,,,,,,,,,,,,,,,,,,,,,,,,,,,,,,,,,,,,,,,,,,,,,,,,,,,,,,,,,,,,,,,,,,,,,,,,,,,,,,,,
IRE_88,ie_tipperary_w_2010_late_fagus_brotree_eu1_forest_eu1mg1_eubr,221,265,355,402,132,143,115,243,149,149,172,203,188,250,,,,,,,,,,,,,,,,,,,,,,,,,,,,,,,,,,,,,,,,,,,,,,,,,,,,,,,,,,,,,,,,,,,,,,,,,,,,,,,,,,,,,,,,,,,,,,,,,,,,,,,,,,,,,,,,,,,,,,,
IRE_89,ie_kildare_ne_2010_late_rhod_shrub_eu1_nursery_eu1mg1_eubr,221,265,355,402,132,143,115,243,149,149,172,203,188,250,,,,,,,,,,,,,,,,,,,,,,,,,,,,,,,,,,,,,,,,,,,,,,,,,,,,,,,,,,,,,,,,,,,,,,,,,,,,,,,,,,,,,,,,,,,,,,,,,,,,,,,,,,,,,,,,,,,,,,,
IRE_9,ie_cork_w_2013_late_larix_contree_eu1_forest_eu1mg1_eubr,221,265,355,402,132,143,115,243,149,149,172,203,188,250,,,,,,,,,,,,,,,,,,,,,,,,,,,,,,,,,,,,,,,,,,,,,,,,,,,,,,,,,,,,,,,,,,,,,,,,,,,,,,,,,,,,,,,,,,,,,,,,,,,,,,,,,,,,,,,,,,,,,,,
IRE_90,ie_tipperary_w_2010_late_larix_contree_eu1_forest_eu1mg1_eubr,221,265,355,402,132,143,115,243,149,149,172,203,188,250,,,,,,,,,,,,,,,,,,,,,,,,,,,,,,,,,,,,,,,,,,,,,,,,,,,,,,,,,,,,,,,,,,,,,,,,,,,,,,,,,,,,,,,,,,,,,,,,,,,,,,,,,,,,,,,,,,,,,,,
IRE_92,ie_kilkenny_se_2010_late_fagus_brotree_eu1_forest_eu1mg32_brunique,221,265,355,402,132,143,115,237,149,149,172,203,188,250,,,,,,,,,,,,,,,,,,,,,,,,,,,,,,,,,,,,,,,,,,,,,,,,,,,,,,,,,,,,,,,,,,,,,,,,,,,,,,,,,,,,,,,,,,,,,,,,,,,,,,,,,,,,,,,,,,,,,,,
IRE_93,ie_unknown_ne_2010_late_viburnum_shrub_eu1_nursery_eu1mg1_eubr,221,265,355,402,132,143,115,243,149,149,172,203,188,250,,,,,,,,,,,,,,,,,,,,,,,,,,,,,,,,,,,,,,,,,,,,,,,,,,,,,,,,,,,,,,,,,,,,,,,,,,,,,,,,,,,,,,,,,,,,,,,,,,,,,,,,,,,,,,,,,,,,,,,
IRE_97,ie_cork_w_2010_late_larix_contree_eu1_forest_eu1mg5_eubr,221,265,355,402,132,143,115,243,149,149,172,203,188,244,,,,,,,,,,,,,,,,,,,,,,,,,,,,,,,,,,,,,,,,,,,,,,,,,,,,,,,,,,,,,,,,,,,,,,,,,,,,,,,,,,,,,,,,,,,,,,,,,,,,,,,,,,,,,,,,,,,,,,,
IRE_98,ni_antrim_ni_2010_late_larix_contree_eu2_forest_eu2mg1_ieni,221,227,351,351,109,111,105,115,0,0,178,203,188,209,,,,,,,,,,,,,,,,,,,,,,,,,,,,,,,,,,,,,,,,,,,,,,,,,,,,,,,,,,,,,,,,,,,,,,,,,,,,,,,,,,,,,,,,,,,,,,,,,,,,,,,,,,,,,,,,,,,,,,,
IRE_99,ni_antrim_ni_2010_late_larix_contree_eu2_forest_eu2mg1_ieni,221,227,351,351,109,111,105,115,0,0,178,203,188,209,,,,,,,,,,,,,,,,,,,,,,,,,,,,,,,,,,,,,,,,,,,,,,,,,,,,,,,,,,,,,,,,,,,,,,,,,,,,,,,,,,,,,,,,,,,,,,,,,,,,,,,,,,,,,,,,,,,,,,,
PF16_11,ie_wicklow_se_2016_late_rhod_shrub_eu1_forest_eu1mg1_eubr,221,265,355,402,132,143,115,243,149,149,172,203,188,250,,,,,,,,,,,,,,,,,,,,,,,,,,,,,,,,,,,,,,,,,,,,,,,,,,,,,,,,,,,,,,,,,,,,,,,,,,,,,,,,,,,,,,,,,,,,,,,,,,,,,,,,,,,,,,,,,,,,,,,
PH15_243,ie_wexford_se_2015_late_rhod_shrub_eu1_other_eu1mg1_eubr,221,265,355,402,132,143,115,243,149,149,172,203,188,250,,,,,,,,,,,,,,,,,,,,,,,,,,,,,,,,,,,,,,,,,,,,,,,,,,,,,,,,,,,,,,,,,,,,,,,,,,,,,,,,,,,,,,,,,,,,,,,,,,,,,,,,,,,,,,,,,,,,,,,